[
  {
    "value": "Chatamari",
    "synonyms": [
      "Chatamari",
      "Newari Chatamari"
    ]
  },
  {
    "value": "Thali",
    "synonyms": [
      "Thali",
      "Bhat",
      "Daal Bhat",
      "Daal Bhat Tarkari",
      "Thali Set",
      "Nepali Platter",
      "Daal Bhat Meal"
    ]
  },
  {
    "value": "Sel Roti",
    "synonyms": [
      "Sel Roti",
      "Nepali Roti",
      "Circular Rings"
    ]
  },
  {
    "value": "Sadeko Bhatmas",
    "synonyms": [
      "Sadeko Bhatmas",
      "Spiced Soybean Salad",
      "Bhatmas Salad",
      "Bhatmas Sadeko",
      "Nepali Soybean Mix"
    ]
  },
  {
    "value": "Sadeko WaiWai",
    "synonyms": [
      "Sadeko WaiWai",
      "Spiced Instant Noodles",
      "Stir-Fried WaiWai,"
    ]
  },
  {
    "value": "Fried Rice",
    "synonyms": [
      "Fried Rice",
      "Bhuteko Bhat",
      "Nepali Stir-Fried Rice"
    ]
  },
  {
    "value": "Mango Lassi",
    "synonyms": [
      "Mango Lassi",
      "Mango Smoothie",
      "Mango Yogurt Drink"
    ]
  },
  {
    "value": "Gulab Jamun",
    "synonyms": [
      "Gulab Jamun",
      "Nepali Gulab Jamun",
      "Sweet Milk Balls",
      "Milk-Based Dessert"
    ]
  },
  {
    "value": "Kheer",
    "synonyms": [
      "Kheer",
      "Rice Pudding",
      "Nepali Dessert Porridge",
      "Sweet Milk Rice"
    ]
  },
  {
    "value": "Momo",
    "synonyms": [
      "Momo",
      "Nepali Dumplings,",
      "Dumplings"
    ]
  }
]