[
  {
    "id": "f6fd4e74-99ab-43da-b440-2bbf8e8c7a06",
    "data": [
      {
        "text": "New Order",
        "userDefined": false
      }
    ],
    "isTemplate": false,
    "count": 0,
    "lang": "en",
    "updated": 0
  },
  {
    "id": "de5e20de-7ecd-4570-870e-522c62ff3dfd",
    "data": [
      {
        "text": "\"Can I order food now?\"",
        "userDefined": false
      }
    ],
    "isTemplate": false,
    "count": 0,
    "lang": "en",
    "updated": 0
  },
  {
    "id": "e6d50e36-6382-4100-ba56-8f2b93e21926",
    "data": [
      {
        "text": "\"I want to make an order.\"",
        "userDefined": false
      }
    ],
    "isTemplate": false,
    "count": 0,
    "lang": "en",
    "updated": 0
  },
  {
    "id": "3f5611e5-e7ad-4e6a-ae86-3fb8d82d205d",
    "data": [
      {
        "text": "Food",
        "userDefined": false
      }
    ],
    "isTemplate": false,
    "count": 0,
    "lang": "en",
    "updated": 0
  },
  {
    "id": "81172846-848b-4c21-9d03-d69364ff0320",
    "data": [
      {
        "text": "Place a new Order",
        "userDefined": false
      }
    ],
    "isTemplate": false,
    "count": 0,
    "lang": "en",
    "updated": 0
  },
  {
    "id": "b4088018-7574-4964-99d7-81ebd38bc5a2",
    "data": [
      {
        "text": "Order",
        "userDefined": false
      }
    ],
    "isTemplate": false,
    "count": 1,
    "lang": "en",
    "updated": 0
  }
]