[
  {
    "id": "94ad586b-fc19-464f-ac41-ffe452c28b53",
    "data": [
      {
        "text": "my cart",
        "userDefined": false
      }
    ],
    "isTemplate": false,
    "count": 0,
    "lang": "en",
    "updated": 0
  },
  {
    "id": "0e58ec6e-dae1-4902-80a5-2f076ff83be6",
    "data": [
      {
        "text": "show items in cart",
        "userDefined": false
      }
    ],
    "isTemplate": false,
    "count": 0,
    "lang": "en",
    "updated": 0
  },
  {
    "id": "c205d08d-2753-495f-ace7-1f2f6d0a4db3",
    "data": [
      {
        "text": "current order",
        "userDefined": false
      }
    ],
    "isTemplate": false,
    "count": 0,
    "lang": "en",
    "updated": 0
  },
  {
    "id": "0d8a161b-eb1a-41ab-8a2a-e6df7c9c4b86",
    "data": [
      {
        "text": "display order",
        "userDefined": false
      }
    ],
    "isTemplate": false,
    "count": 0,
    "lang": "en",
    "updated": 0
  },
  {
    "id": "e272fd86-adeb-4a8b-96a0-49982debdf2d",
    "data": [
      {
        "text": "my order so far",
        "userDefined": false
      }
    ],
    "isTemplate": false,
    "count": 0,
    "lang": "en",
    "updated": 0
  },
  {
    "id": "7811c556-ca64-4286-8a87-334bc9b14bc8",
    "data": [
      {
        "text": "show me my order",
        "userDefined": false
      }
    ],
    "isTemplate": false,
    "count": 0,
    "lang": "en",
    "updated": 0
  },
  {
    "id": "26989cbf-dc0a-4101-9fa1-dec7f5277d6c",
    "data": [
      {
        "text": "what\u0027s in my cart",
        "userDefined": false
      }
    ],
    "isTemplate": false,
    "count": 0,
    "lang": "en",
    "updated": 0
  },
  {
    "id": "14217dcc-bde1-43ed-b479-95cc6abdf383",
    "data": [
      {
        "text": "what\u0027s my current order",
        "userDefined": false
      }
    ],
    "isTemplate": false,
    "count": 0,
    "lang": "en",
    "updated": 0
  }
]