[
  {
    "id": "bb43c00a-9e4a-42cc-8a6b-8f4e5a8d0cc8",
    "data": [
      {
        "text": "show my order",
        "userDefined": false
      }
    ],
    "isTemplate": false,
    "count": 0,
    "lang": "en",
    "updated": 0
  },
  {
    "id": "40647f41-dc78-4985-988b-60363974d773",
    "data": [
      {
        "text": "my cart",
        "userDefined": false
      }
    ],
    "isTemplate": false,
    "count": 0,
    "lang": "en",
    "updated": 0
  },
  {
    "id": "8117cec5-dfbd-48e5-bf21-070020b0398c",
    "data": [
      {
        "text": "my order",
        "userDefined": false
      }
    ],
    "isTemplate": false,
    "count": 0,
    "lang": "en",
    "updated": 0
  },
  {
    "id": "34cabf44-f133-40ec-bc7f-ed78d4685a0d",
    "data": [
      {
        "text": "display cart",
        "userDefined": false
      }
    ],
    "isTemplate": false,
    "count": 0,
    "lang": "en",
    "updated": 0
  },
  {
    "id": "f42d3be1-f916-4111-8b66-ade6057c7f00",
    "data": [
      {
        "text": "what did I order",
        "userDefined": false
      }
    ],
    "isTemplate": false,
    "count": 0,
    "lang": "en",
    "updated": 0
  },
  {
    "id": "8fad5e67-df71-4a11-ae1f-489eadaa3147",
    "data": [
      {
        "text": "Show my ordre",
        "userDefined": false
      }
    ],
    "isTemplate": false,
    "count": 0,
    "lang": "en",
    "updated": 0
  }
]