[
  {
    "id": "043d4c80-47f8-477f-aa7e-2d179cd3dbbe",
    "data": [
      {
        "text": "New Chat",
        "userDefined": false
      }
    ],
    "isTemplate": false,
    "count": 0,
    "lang": "en",
    "updated": 0
  },
  {
    "id": "2ca937fe-3a89-4224-85dd-c7939d28cda0",
    "data": [
      {
        "text": "empty the order",
        "userDefined": false
      }
    ],
    "isTemplate": false,
    "count": 0,
    "lang": "en",
    "updated": 0
  },
  {
    "id": "027d9e4e-17ca-418e-9f18-387065afd7be",
    "data": [
      {
        "text": "remove everything",
        "userDefined": false
      }
    ],
    "isTemplate": false,
    "count": 0,
    "lang": "en",
    "updated": 0
  },
  {
    "id": "cbf0dfca-a1b5-44c9-95fc-213720c9022e",
    "data": [
      {
        "text": "forget everything",
        "userDefined": false
      }
    ],
    "isTemplate": false,
    "count": 0,
    "lang": "en",
    "updated": 0
  },
  {
    "id": "8a7083a7-c761-4b86-a3c3-e8d2df9b95b3",
    "data": [
      {
        "text": "start fresh",
        "userDefined": false
      }
    ],
    "isTemplate": false,
    "count": 0,
    "lang": "en",
    "updated": 0
  },
  {
    "id": "9f21723c-15b2-4644-929b-30e2f3a26be2",
    "data": [
      {
        "text": "restart the chat",
        "userDefined": false
      }
    ],
    "isTemplate": false,
    "count": 0,
    "lang": "en",
    "updated": 0
  },
  {
    "id": "770dbd37-737b-4eeb-8772-63b066d2bb14",
    "data": [
      {
        "text": "clear the cart",
        "userDefined": false
      }
    ],
    "isTemplate": false,
    "count": 0,
    "lang": "en",
    "updated": 0
  },
  {
    "id": "09b412a1-663f-4839-b174-622ad8164ec5",
    "data": [
      {
        "text": "wipe the cart",
        "userDefined": false
      }
    ],
    "isTemplate": false,
    "count": 0,
    "lang": "en",
    "updated": 0
  },
  {
    "id": "02be7d27-2172-49e7-a2e5-908260578d63",
    "data": [
      {
        "text": "cancel my current order",
        "userDefined": false
      }
    ],
    "isTemplate": false,
    "count": 0,
    "lang": "en",
    "updated": 0
  },
  {
    "id": "8aba62f2-bb26-4c76-930f-700140eb7a93",
    "data": [
      {
        "text": "cancel",
        "userDefined": false
      }
    ],
    "isTemplate": false,
    "count": 0,
    "lang": "en",
    "updated": 0
  },
  {
    "id": "f77e4067-b75b-4ce9-843b-8e8fcdeac529",
    "data": [
      {
        "text": "delete everything from my order",
        "userDefined": false
      }
    ],
    "isTemplate": false,
    "count": 0,
    "lang": "en",
    "updated": 0
  },
  {
    "id": "7e3858ed-9934-4611-8d6f-38cf9a473daa",
    "data": [
      {
        "text": "start all over again",
        "userDefined": false
      }
    ],
    "isTemplate": false,
    "count": 0,
    "lang": "en",
    "updated": 0
  },
  {
    "id": "300fb112-2a18-43ea-bb70-f6e2f1b023fd",
    "data": [
      {
        "text": "start over",
        "userDefined": false
      }
    ],
    "isTemplate": false,
    "count": 0,
    "lang": "en",
    "updated": 0
  },
  {
    "id": "411aba00-2028-4f7d-ac3e-ad677e9ed441",
    "data": [
      {
        "text": "remove all items",
        "userDefined": false
      }
    ],
    "isTemplate": false,
    "count": 0,
    "lang": "en",
    "updated": 0
  },
  {
    "id": "523a006d-73b4-4377-8fa8-a5e57b017914",
    "data": [
      {
        "text": "clear everything",
        "userDefined": false
      }
    ],
    "isTemplate": false,
    "count": 0,
    "lang": "en",
    "updated": 0
  },
  {
    "id": "b9c6be04-62e7-42b3-8173-0138cc8a89bd",
    "data": [
      {
        "text": "reset my order",
        "userDefined": false
      }
    ],
    "isTemplate": false,
    "count": 0,
    "lang": "en",
    "updated": 0
  },
  {
    "id": "e205a9f8-f83c-4c8f-aea1-e8dc72d34779",
    "data": [
      {
        "text": "reset order",
        "userDefined": false
      }
    ],
    "isTemplate": false,
    "count": 0,
    "lang": "en",
    "updated": 0
  }
]