[
  {
    "id": "5f985f41-702a-4984-b613-b37745f78019",
    "data": [
      {
        "text": "remove all",
        "userDefined": false
      }
    ],
    "isTemplate": false,
    "count": 0,
    "lang": "en",
    "updated": 0
  },
  {
    "id": "2ee1d3da-bd15-4eef-9b1f-7b945e8c510c",
    "data": [
      {
        "text": "remove ",
        "userDefined": false
      },
      {
        "text": "2",
        "meta": "@sys.number",
        "alias": "quantity",
        "userDefined": false
      },
      {
        "text": " lassi",
        "userDefined": false
      }
    ],
    "isTemplate": false,
    "count": 0,
    "lang": "en",
    "updated": 0
  },
  {
    "id": "4a28d943-0e9f-4478-b6c9-c26e95c29b08",
    "data": [
      {
        "text": "remove everything",
        "userDefined": false
      }
    ],
    "isTemplate": false,
    "count": 0,
    "lang": "en",
    "updated": 0
  },
  {
    "id": "906d043a-57c6-43e7-a4f7-9a7c47876d46",
    "data": [
      {
        "text": "remove all ",
        "userDefined": false
      },
      {
        "text": "momo",
        "meta": "@Menu_items",
        "alias": "items",
        "userDefined": false
      }
    ],
    "isTemplate": false,
    "count": 1,
    "lang": "en",
    "updated": 0
  },
  {
    "id": "e27b24ce-767c-4919-b3a6-4c24f226d7b1",
    "data": [
      {
        "text": "Remove 2 thali and ",
        "userDefined": false
      },
      {
        "text": "1",
        "meta": "@sys.number",
        "alias": "quantity",
        "userDefined": false
      },
      {
        "text": " ",
        "userDefined": false
      },
      {
        "text": "momo",
        "meta": "@Menu_items",
        "alias": "items",
        "userDefined": false
      }
    ],
    "isTemplate": false,
    "count": 0,
    "lang": "en",
    "updated": 0
  },
  {
    "id": "99007cb7-d0d0-416a-b335-f6b72db5f07f",
    "data": [
      {
        "text": "remove",
        "userDefined": false
      }
    ],
    "isTemplate": false,
    "count": 0,
    "lang": "en",
    "updated": 0
  },
  {
    "id": "9d80c8bf-2b36-41f7-baef-073788df0745",
    "data": [
      {
        "text": "Remove only ",
        "userDefined": false
      },
      {
        "text": "1",
        "meta": "@sys.number",
        "alias": "quantity",
        "userDefined": false
      },
      {
        "text": " ",
        "userDefined": false
      },
      {
        "text": "thali",
        "meta": "@Menu_items",
        "alias": "items",
        "userDefined": false
      }
    ],
    "isTemplate": false,
    "count": 0,
    "lang": "en",
    "updated": 0
  },
  {
    "id": "63b28d5c-a4a7-4e41-b9cc-f36c166cd493",
    "data": [
      {
        "text": "No ",
        "userDefined": false
      },
      {
        "text": "Kheer",
        "meta": "@Menu_items",
        "alias": "items",
        "userDefined": false
      },
      {
        "text": " for me, please take it out.",
        "userDefined": false
      }
    ],
    "isTemplate": false,
    "count": 0,
    "lang": "en",
    "updated": 0
  },
  {
    "id": "652cff18-b9c4-42c1-afc3-42a32220e6d3",
    "data": [
      {
        "text": "Remove ",
        "userDefined": false
      },
      {
        "text": "Chatamari",
        "meta": "@Menu_items",
        "alias": "items",
        "userDefined": false
      },
      {
        "text": " from my order.",
        "userDefined": false
      }
    ],
    "isTemplate": false,
    "count": 0,
    "lang": "en",
    "updated": 0
  },
  {
    "id": "113096b7-a470-49ea-bef0-71535f3180b1",
    "data": [
      {
        "text": "I don\u0027t need ",
        "userDefined": false
      },
      {
        "text": "Thukpa",
        "meta": "@Menu_items",
        "alias": "items",
        "userDefined": false
      },
      {
        "text": " anymore.",
        "userDefined": false
      }
    ],
    "isTemplate": false,
    "count": 0,
    "lang": "en",
    "updated": 0
  },
  {
    "id": "fb859701-d493-4241-a48e-9523d94545d9",
    "data": [
      {
        "text": "Get rid of ",
        "userDefined": false
      },
      {
        "text": "Sel Roti,",
        "meta": "@Menu_items",
        "alias": "items",
        "userDefined": false
      },
      {
        "text": " thanks.",
        "userDefined": false
      }
    ],
    "isTemplate": false,
    "count": 0,
    "lang": "en",
    "updated": 0
  },
  {
    "id": "549d063d-ca80-4d5c-89b5-7472625abf54",
    "data": [
      {
        "text": "Skip ",
        "userDefined": false
      },
      {
        "text": "Sadeko WaiWai ,",
        "meta": "@Menu_items",
        "alias": "items",
        "userDefined": false
      },
      {
        "text": " please",
        "userDefined": false
      }
    ],
    "isTemplate": false,
    "count": 0,
    "lang": "en",
    "updated": 0
  },
  {
    "id": "d6c314a8-bc59-4017-a03c-7393b1e81a6f",
    "data": [
      {
        "text": "No more ",
        "userDefined": false
      },
      {
        "text": "Sadeko Bhatmas",
        "meta": "@Menu_items",
        "alias": "items",
        "userDefined": false
      },
      {
        "text": " for me, take it out.",
        "userDefined": false
      }
    ],
    "isTemplate": false,
    "count": 0,
    "lang": "en",
    "updated": 0
  },
  {
    "id": "a2c04685-2501-4bae-8ec4-2f30c06099e6",
    "data": [
      {
        "text": "Remove ",
        "userDefined": false
      },
      {
        "text": "Thali",
        "meta": "@Menu_items",
        "alias": "items",
        "userDefined": false
      }
    ],
    "isTemplate": false,
    "count": 0,
    "lang": "en",
    "updated": 0
  },
  {
    "id": "19b3a763-54ce-4cb0-87d4-37454230e399",
    "data": [
      {
        "text": "Can you drop ",
        "userDefined": false
      },
      {
        "text": "Gulab Jamun",
        "meta": "@Menu_items",
        "alias": "items",
        "userDefined": false
      },
      {
        "text": " for me?",
        "userDefined": false
      }
    ],
    "isTemplate": false,
    "count": 0,
    "lang": "en",
    "updated": 0
  },
  {
    "id": "8fd28e26-8f83-4388-943f-e6ccab770571",
    "data": [
      {
        "text": "No ",
        "userDefined": false
      },
      {
        "text": "Momos,",
        "meta": "@Menu_items",
        "alias": "items",
        "userDefined": false
      },
      {
        "text": " sorry",
        "userDefined": false
      }
    ],
    "isTemplate": false,
    "count": 0,
    "lang": "en",
    "updated": 0
  },
  {
    "id": "0845f8d6-5a01-41f6-b9ca-ed417ee699d6",
    "data": [
      {
        "text": "Remove ",
        "userDefined": false
      },
      {
        "text": "Fried Rice",
        "meta": "@Menu_items",
        "alias": "items",
        "userDefined": false
      },
      {
        "text": " from my order.",
        "userDefined": false
      }
    ],
    "isTemplate": false,
    "count": 0,
    "lang": "en",
    "updated": 0
  },
  {
    "id": "90fdc1f7-38e8-4789-ac0b-7e1f7775d60a",
    "data": [
      {
        "text": "Take ",
        "userDefined": false
      },
      {
        "text": "Mango Lassi",
        "meta": "@Menu_items",
        "alias": "items",
        "userDefined": false
      },
      {
        "text": " off my order, please.",
        "userDefined": false
      }
    ],
    "isTemplate": false,
    "count": 0,
    "lang": "en",
    "updated": 0
  }
]