[
  {
    "id": "f0d8fd46-7506-40db-95d6-3f7fabda16d7",
    "data": [
      {
        "text": "41",
        "meta": "@sys.any",
        "alias": "order_id",
        "userDefined": false
      }
    ],
    "isTemplate": false,
    "count": 0,
    "lang": "en",
    "updated": 0
  },
  {
    "id": "ead959d4-7cca-4d3d-b10b-6bf264912f30",
    "data": [
      {
        "text": "I have order number ",
        "userDefined": false
      },
      {
        "text": "4502",
        "meta": "@sys.any",
        "alias": "order_id",
        "userDefined": false
      }
    ],
    "isTemplate": false,
    "count": 0,
    "lang": "en",
    "updated": 0
  },
  {
    "id": "1d002171-ee76-48c9-ab0a-426f6f741def",
    "data": [
      {
        "text": "order id ",
        "userDefined": false
      },
      {
        "text": "105",
        "meta": "@sys.any",
        "alias": "order_id",
        "userDefined": false
      }
    ],
    "isTemplate": false,
    "count": 0,
    "lang": "en",
    "updated": 0
  },
  {
    "id": "b4311128-041d-470b-833e-258e22d66be9",
    "data": [
      {
        "text": "he order number is ",
        "userDefined": false
      },
      {
        "text": "87",
        "meta": "@sys.any",
        "alias": "order_id",
        "userDefined": false
      }
    ],
    "isTemplate": false,
    "count": 0,
    "lang": "en",
    "updated": 0
  },
  {
    "id": "11b6cff8-14aa-41c9-ab8d-f14022150bc2",
    "data": [
      {
        "text": "My order id is ",
        "userDefined": false
      },
      {
        "text": "42",
        "meta": "@sys.any",
        "alias": "order_id",
        "userDefined": false
      }
    ],
    "isTemplate": false,
    "count": 0,
    "lang": "en",
    "updated": 0
  }
]