[
  {
    "id": "5cbc228e-c20f-4123-869e-d39ca04791a5",
    "data": [
      {
        "text": "track order",
        "userDefined": false
      }
    ],
    "isTemplate": false,
    "count": 0,
    "lang": "en",
    "updated": 0
  },
  {
    "id": "a96f7b2b-7bd0-4dff-aec1-1e80e169bbcc",
    "data": [
      {
        "text": "where purchase food?",
        "userDefined": false
      }
    ],
    "isTemplate": false,
    "count": 0,
    "lang": "en",
    "updated": 0
  },
  {
    "id": "444f336f-3167-4976-a72f-00457aff49d1",
    "data": [
      {
        "text": "My food coming or not?",
        "userDefined": false
      }
    ],
    "isTemplate": false,
    "count": 0,
    "lang": "en",
    "updated": 0
  },
  {
    "id": "fd91b126-c348-4711-add2-1b799f972c4f",
    "data": [
      {
        "text": "Where\u0027s the food I ordered?\"",
        "userDefined": false
      }
    ],
    "isTemplate": false,
    "count": 0,
    "lang": "en",
    "updated": 0
  },
  {
    "id": "4dc6da29-3a49-4b02-a14a-c5e7bd7b6acd",
    "data": [
      {
        "text": "\"Can you show me my food order status?\"",
        "userDefined": false
      }
    ],
    "isTemplate": false,
    "count": 0,
    "lang": "en",
    "updated": 0
  },
  {
    "id": "b53691d9-6005-49e4-8600-236f5f4b83d6",
    "data": [
      {
        "text": "\" \"Is my food on its way?\"",
        "userDefined": false
      }
    ],
    "isTemplate": false,
    "count": 0,
    "lang": "en",
    "updated": 0
  },
  {
    "id": "c9c097b1-17b4-44df-8be5-5765ab38a24b",
    "data": [
      {
        "text": "\"I need an update on my food order.",
        "userDefined": false
      }
    ],
    "isTemplate": false,
    "count": 0,
    "lang": "en",
    "updated": 0
  },
  {
    "id": "ef464921-e241-443a-8bdc-4157ea9c0212",
    "data": [
      {
        "text": "\"Check where my meal is.\"",
        "userDefined": false
      }
    ],
    "isTemplate": false,
    "count": 0,
    "lang": "en",
    "updated": 0
  },
  {
    "id": "f3ead552-2404-4308-9c52-e42f98492c7c",
    "data": [
      {
        "text": "\"How long until my food arrives?\"",
        "userDefined": false
      }
    ],
    "isTemplate": false,
    "count": 0,
    "lang": "en",
    "updated": 0
  },
  {
    "id": "ae0af07a-b726-453b-aad7-723b2f54d38c",
    "data": [
      {
        "text": "\"Track my food order.\"",
        "userDefined": false
      }
    ],
    "isTemplate": false,
    "count": 0,
    "lang": "en",
    "updated": 0
  },
  {
    "id": "f0e74f63-07c2-470d-abd8-acc24f01da48",
    "data": [
      {
        "text": "\" \"Where is my food order?\"",
        "userDefined": false
      }
    ],
    "isTemplate": false,
    "count": 0,
    "lang": "en",
    "updated": 0
  },
  {
    "id": "25a3f024-4426-4d6f-b0de-a7a7a4b44777",
    "data": [
      {
        "text": "\"Can you check my food delivery status?\"",
        "userDefined": false
      }
    ],
    "isTemplate": false,
    "count": 0,
    "lang": "en",
    "updated": 0
  },
  {
    "id": "4f4831b6-2688-4b6f-899c-5313ee4817f1",
    "data": [
      {
        "text": "\"What\u0027s the status of my food order?\"",
        "userDefined": false
      }
    ],
    "isTemplate": false,
    "count": 0,
    "lang": "en",
    "updated": 0
  },
  {
    "id": "7a5f27ba-e170-4208-ba3b-61c2c108ea29",
    "data": [
      {
        "text": "\"Show me my order status.\" \"",
        "userDefined": false
      }
    ],
    "isTemplate": false,
    "count": 0,
    "lang": "en",
    "updated": 0
  }
]